Year,Config,Variable,Value,Metadata
2018,central,historic_forestry_held,8987068.226205263,
2018,central,historic_forestry_surrender,-893689.8925164192,
2018,central,historic_forestry_tradeable,5217451.331752678,CCC central scenario from historical_removals.xlsx May 2026 model. Extends to 2070.
2019,central,historic_forestry_held,8871061.20662118,
2019,central,historic_forestry_surrender,-1936652.7998533773,
2019,central,historic_forestry_tradeable,5197771.549405086,
2020,central,historic_forestry_held,8538273.601030799,
2020,central,historic_forestry_surrender,-3722014.8461809456,
2020,central,historic_forestry_tradeable,5037842.907213548,
2021,central,historic_forestry_held,8011780.839760395,
2021,central,historic_forestry_surrender,-6310718.416322292,
2021,central,historic_forestry_tradeable,4854093.0555971945,
2022,central,historic_forestry_held,7172951.183384586,
2022,central,historic_forestry_surrender,-9090044.40803733,
2022,central,historic_forestry_tradeable,4941520.421270898,
2023,central,historic_forestry_held,6330035.184701487,
2023,central,historic_forestry_surrender,-11582168.533826016,
2023,central,historic_forestry_tradeable,6385996.364660381,
2024,central,historic_forestry_held,5578409.444463768,
2024,central,historic_forestry_surrender,-12051520.0179921,
2024,central,historic_forestry_tradeable,7356771.776086265,
2025,central,historic_forestry_held,4978323.567228068,
2025,central,historic_forestry_surrender,-11013592.325928202,
2025,central,historic_forestry_tradeable,8859998.627168158,
2026,central,historic_forestry_held,4645537.037565482,
2026,central,historic_forestry_surrender,-8415102.873211661,
2026,central,historic_forestry_tradeable,10861456.77561668,
2027,central,historic_forestry_held,4627501.22510526,
2027,central,historic_forestry_surrender,-7102116.380401351,
2027,central,historic_forestry_tradeable,13015853.082496552,
2028,central,historic_forestry_held,4827797.847750865,
2028,central,historic_forestry_surrender,-6269734.16070486,
2028,central,historic_forestry_tradeable,14921117.385251572,
2029,central,historic_forestry_held,5128165.479544639,
2029,central,historic_forestry_surrender,-6294203.004935295,
2029,central,historic_forestry_tradeable,16254948.006582307,
2030,central,historic_forestry_held,5475054.18104568,
2030,central,historic_forestry_surrender,-5270597.206320679,
2030,central,historic_forestry_tradeable,16664976.792193023,
2031,central,historic_forestry_held,5857406.341912723,
2031,central,historic_forestry_surrender,-4109504.9889785214,
2031,central,historic_forestry_tradeable,16327061.554288082,
2032,central,historic_forestry_held,6373624.644901046,
2032,central,historic_forestry_surrender,-2835730.653772901,
2032,central,historic_forestry_tradeable,15596070.59457341,
2033,central,historic_forestry_held,7071116.224195398,
2033,central,historic_forestry_surrender,-1947505.635333161,
2033,central,historic_forestry_tradeable,14860291.202489367,
2034,central,historic_forestry_held,7854291.268801235,
2034,central,historic_forestry_surrender,-1355379.8158606926,
2034,central,historic_forestry_tradeable,14452569.643608185,
2035,central,historic_forestry_held,8695564.160438113,
2035,central,historic_forestry_surrender,-1402629.600805081,
2035,central,historic_forestry_tradeable,14304725.227397766,
2036,central,historic_forestry_held,9525299.207026375,
2036,central,historic_forestry_surrender,-1562138.6826721246,
2036,central,historic_forestry_tradeable,13780224.156458413,
2037,central,historic_forestry_held,10222396.631035341,
2037,central,historic_forestry_surrender,-2278336.404458462,
2037,central,historic_forestry_tradeable,13067207.838477656,
2038,central,historic_forestry_held,10630396.413992587,
2038,central,historic_forestry_surrender,-3813198.4610911664,
2038,central,historic_forestry_tradeable,12286054.836329898,
2039,central,historic_forestry_held,10812796.210856805,
2039,central,historic_forestry_surrender,-5343703.488483755,
2039,central,historic_forestry_tradeable,10245322.281951733,
2040,central,historic_forestry_held,10865599.132539464,
2040,central,historic_forestry_surrender,-7304575.755391199,
2040,central,historic_forestry_tradeable,8124979.671039094,
2041,central,historic_forestry_held,10850343.627972476,
2041,central,historic_forestry_surrender,-7864506.507797279,
2041,central,historic_forestry_tradeable,6417071.409695522,
2042,central,historic_forestry_held,10765400.778074188,
2042,central,historic_forestry_surrender,-6863568.534840375,
2042,central,historic_forestry_tradeable,5441937.653270134,
2043,central,historic_forestry_held,10649520.99504384,
2043,central,historic_forestry_surrender,-7845986.664775489,
2043,central,historic_forestry_tradeable,5282907.261093127,
2044,central,historic_forestry_held,10540397.552864004,
2044,central,historic_forestry_surrender,-6761883.301407115,
2044,central,historic_forestry_tradeable,5094928.057475185,
2045,central,historic_forestry_held,10355058.272204535,
2045,central,historic_forestry_surrender,-7262200.792053868,
2045,central,historic_forestry_tradeable,4812700.331392981,
2046,central,historic_forestry_held,10111562.361190934,
2046,central,historic_forestry_surrender,-7413608.01974546,
2046,central,historic_forestry_tradeable,4532650.695210335,
2047,central,historic_forestry_held,9629292.620616017,
2047,central,historic_forestry_surrender,-11186630.36877541,
2047,central,historic_forestry_tradeable,4212837.252770569,
2048,central,historic_forestry_held,9036412.887870545,
2048,central,historic_forestry_surrender,-13088587.116124704,
2048,central,historic_forestry_tradeable,3988604.99877504,
2049,central,historic_forestry_held,8353002.286034566,
2049,central,historic_forestry_surrender,-15308214.89479729,
2049,central,historic_forestry_tradeable,3779875.550678384,
2050,central,historic_forestry_held,7739655.029794066,
2050,central,historic_forestry_surrender,-14832272.409414452,
2050,central,historic_forestry_tradeable,3574373.571067437,
2051,central,historic_forestry_held,7087975.99313408,
2051,central,historic_forestry_surrender,-16605819.352851845,
2051,central,historic_forestry_tradeable,3371196.5438195644,
2052,central,historic_forestry_held,6604890.937280752,
2052,central,historic_forestry_surrender,-15609860.798627889,
2052,central,historic_forestry_tradeable,3235952.40664429,
2053,central,historic_forestry_held,6067867.052011213,
2053,central,historic_forestry_surrender,-17713157.110100493,
2053,central,historic_forestry_tradeable,3109162.306840465,
2054,central,historic_forestry_held,5700484.542962436,
2054,central,historic_forestry_surrender,-16718329.617769936,
2054,central,historic_forestry_tradeable,2993925.191585768,
2055,central,historic_forestry_held,5365096.735366334,
2055,central,historic_forestry_surrender,-16930864.140176445,
2055,central,historic_forestry_tradeable,2877797.445802716,
2056,central,historic_forestry_held,5235939.903204766,
2056,central,historic_forestry_surrender,-12690152.211083632,
2056,central,historic_forestry_tradeable,2791110.573291378,
2057,central,historic_forestry_held,5176015.254881674,
2057,central,historic_forestry_surrender,-10810960.16200648,
2057,central,historic_forestry_tradeable,2704395.512718782,
2058,central,historic_forestry_held,5401738.652949686,
2058,central,historic_forestry_surrender,-8053664.370690407,
2058,central,historic_forestry_tradeable,2617553.2380131343,
2059,central,historic_forestry_held,5753738.390465019,
2059,central,historic_forestry_surrender,-6911670.096769255,
2059,central,historic_forestry_tradeable,2522425.210713596,
2060,central,historic_forestry_held,6292723.933307553,
2060,central,historic_forestry_surrender,-5829342.140312769,
2060,central,historic_forestry_tradeable,2420040.6859298674,
2061,central,historic_forestry_held,6791543.049993374,
2061,central,historic_forestry_surrender,-4475615.342670823,
2061,central,historic_forestry_tradeable,2313611.2861405076,
2062,central,historic_forestry_held,7451254.128145407,
2062,central,historic_forestry_surrender,-3188133.7634373982,
2062,central,historic_forestry_tradeable,2184837.334720896,
2063,central,historic_forestry_held,8016416.291763074,
2063,central,historic_forestry_surrender,-2610248.8056434644,
2063,central,historic_forestry_tradeable,2056851.8096453615,
2064,central,historic_forestry_held,8662980.948673664,
2064,central,historic_forestry_surrender,-2350569.35916801,
2064,central,historic_forestry_tradeable,1994465.2613579568,
2065,central,historic_forestry_held,9183089.923779797,
2065,central,historic_forestry_surrender,-2932039.447852619,
2065,central,historic_forestry_tradeable,1942634.749409557,
2066,central,historic_forestry_held,9781870.586376974,
2066,central,historic_forestry_surrender,-2284125.2047026786,
2066,central,historic_forestry_tradeable,1889600.2296151463,
2067,central,historic_forestry_held,10233425.467799045,
2067,central,historic_forestry_surrender,-3148184.2361499774,
2067,central,historic_forestry_tradeable,1826805.591800038,
2068,central,historic_forestry_held,10685270.734228719,
2068,central,historic_forestry_surrender,-2577155.2156234416,
2068,central,historic_forestry_tradeable,1771861.535222423,
2069,central,historic_forestry_held,10969271.819136431,
2069,central,historic_forestry_surrender,-3319564.330458677,
2069,central,historic_forestry_tradeable,1698297.277086525,
2070,central,historic_forestry_held,11194775.110769998,
2070,central,historic_forestry_surrender,-3804446.498679847,
2070,central,historic_forestry_tradeable,1533816.4896939993,
2018,central2025,historic_forestry_held,8422068.367,
2018,central2025,historic_forestry_surrender,-679194.1329,
2018,central2025,historic_forestry_tradeable,3536210.911,
2019,central2025,historic_forestry_held,2864991.666,
2019,central2025,historic_forestry_surrender,5729983.332,
2019,central2025,historic_forestry_tradeable,8594974.998,
2020,central2025,historic_forestry_held,7996301.539,
2020,central2025,historic_forestry_surrender,-2324873.667,
2020,central2025,historic_forestry_tradeable,3546167.808,
2021,central2025,historic_forestry_held,7558556.686,
2021,central2025,historic_forestry_surrender,-3552643.936,
2021,central2025,historic_forestry_tradeable,3542064.355,
2022,central2025,historic_forestry_held,6899195.0,
2022,central2025,historic_forestry_surrender,-7103154.433,
2022,central2025,historic_forestry_tradeable,3553418.27,
2023,central2025,historic_forestry_held,6252205.507,
2023,central2025,historic_forestry_surrender,-8650862.923,
2023,central2025,historic_forestry_tradeable,3586254.843,
2024,central2025,historic_forestry_held,5531766.806,
2024,central2025,historic_forestry_surrender,-11377046.09,
2024,central2025,historic_forestry_tradeable,3626585.327,
2025,central2025,historic_forestry_held,5196455.012,
2025,central2025,historic_forestry_surrender,-7349947.96,
2025,central2025,historic_forestry_tradeable,3644063.09,
2026,central2025,historic_forestry_held,4969068.225,
2026,central2025,historic_forestry_surrender,-5737792.983,
2026,central2025,historic_forestry_tradeable,3640682.788,
2027,central2025,historic_forestry_held,4806528.813,
2027,central2025,historic_forestry_surrender,-4397132.541,
2027,central2025,historic_forestry_tradeable,3604208.292,
2028,central2025,historic_forestry_held,4676041.521,
2028,central2025,historic_forestry_surrender,-5193620.156,
2028,central2025,historic_forestry_tradeable,3552235.52,
2029,central2025,historic_forestry_held,4585064.038,
2029,central2025,historic_forestry_surrender,-5158108.92,
2029,central2025,historic_forestry_tradeable,3480462.364,
2030,central2025,historic_forestry_held,4766282.985,
2030,central2025,historic_forestry_surrender,-3623997.938,
2030,central2025,historic_forestry_tradeable,3417650.02,
2031,central2025,historic_forestry_held,5067376.984,
2031,central2025,historic_forestry_surrender,-2548500.801,
2031,central2025,historic_forestry_tradeable,3362868.56,
2032,central2025,historic_forestry_held,5573207.197,
2032,central2025,historic_forestry_surrender,-1769922.829,
2032,central2025,historic_forestry_tradeable,3314664.887,
2033,central2025,historic_forestry_held,6153758.349,
2033,central2025,historic_forestry_surrender,-699631.5717,
2033,central2025,historic_forestry_tradeable,3267237.228,
2034,central2025,historic_forestry_held,6879302.381,
2034,central2025,historic_forestry_surrender,-937479.2987,
2034,central2025,historic_forestry_tradeable,3217807.942,
2035,central2025,historic_forestry_held,7313470.755,
2035,central2025,historic_forestry_surrender,-773631.3011,
2035,central2025,historic_forestry_tradeable,3172241.096,
2036,central2025,historic_forestry_held,7655446.364,
2036,central2025,historic_forestry_surrender,-1399721.004,
2036,central2025,historic_forestry_tradeable,3112897.626,
2037,central2025,historic_forestry_held,7903385.713,
2037,central2025,historic_forestry_surrender,-1425576.61,
2037,central2025,historic_forestry_tradeable,3055888.563,
2038,central2025,historic_forestry_held,8104152.295,
2038,central2025,historic_forestry_surrender,-2418059.322,
2038,central2025,historic_forestry_tradeable,2997557.587,
2039,central2025,historic_forestry_held,8082519.679,
2039,central2025,historic_forestry_surrender,-6037024.189,
2039,central2025,historic_forestry_tradeable,2937884.935,
2040,central2025,historic_forestry_held,7834615.976,
2040,central2025,historic_forestry_surrender,-8441639.284,
2040,central2025,historic_forestry_tradeable,2881785.426,
2041,central2025,historic_forestry_held,7787428.58,
2041,central2025,historic_forestry_surrender,-4535464.874,
2041,central2025,historic_forestry_tradeable,2822021.134,
2042,central2025,historic_forestry_held,7708483.363,
2042,central2025,historic_forestry_surrender,-4665345.544,
2042,central2025,historic_forestry_tradeable,2772167.203,
2043,central2025,historic_forestry_held,7610441.861,
2043,central2025,historic_forestry_surrender,-3681032.013,
2043,central2025,historic_forestry_tradeable,2719575.987,
2044,central2025,historic_forestry_held,7571540.847,
2044,central2025,historic_forestry_surrender,-2572197.522,
2044,central2025,historic_forestry_tradeable,2671284.745,
2045,central2025,historic_forestry_held,7556013.116,
2045,central2025,historic_forestry_surrender,-2034744.004,
2045,central2025,historic_forestry_tradeable,2628455.826,
2046,central2025,historic_forestry_held,7561097.619,
2046,central2025,historic_forestry_surrender,-2678478.758,
2046,central2025,historic_forestry_tradeable,2590815.816,
2047,central2025,historic_forestry_held,7286959.904,
2047,central2025,historic_forestry_surrender,-4970989.742,
2047,central2025,historic_forestry_tradeable,2560303.135,
2048,central2025,historic_forestry_held,6999026.678,
2048,central2025,historic_forestry_surrender,-5141450.87,
2048,central2025,historic_forestry_tradeable,2531386.111,
2049,central2025,historic_forestry_held,6603474.198,
2049,central2025,historic_forestry_surrender,-6468389.389,
2049,central2025,historic_forestry_tradeable,2507324.364,
2050,central2025,historic_forestry_held,6355742.36,
2050,central2025,historic_forestry_surrender,-6939546.455,
2050,central2025,historic_forestry_tradeable,2484192.188,
2018,high,historic_forestry_held,8180623.088,
2018,high,historic_forestry_surrender,-660653.377,
2018,high,historic_forestry_tradeable,3933107.594,
2019,high,historic_forestry_held,8084485.44,
2019,high,historic_forestry_surrender,-1086268.276,
2019,high,historic_forestry_tradeable,3964081.121,
2020,high,historic_forestry_held,7792658.446,
2020,high,historic_forestry_surrender,-2244335.061,
2020,high,historic_forestry_tradeable,4011421.401,
2021,high,historic_forestry_held,7374374.252,
2021,high,historic_forestry_surrender,-3377831.943,
2021,high,historic_forestry_tradeable,4153378.768,
2022,high,historic_forestry_held,6727580.515,
2022,high,historic_forestry_surrender,-6649182.563,
2022,high,historic_forestry_tradeable,4467450.901,
2023,high,historic_forestry_held,6076126.244,
2023,high,historic_forestry_surrender,-8174045.285,
2023,high,historic_forestry_tradeable,6157139.363,
2024,high,historic_forestry_held,5360791.134,
2024,high,historic_forestry_surrender,-10245619.99,
2024,high,historic_forestry_tradeable,6978186.776,
2025,high,historic_forestry_held,5014965.659,
2025,high,historic_forestry_surrender,-6663998.078,
2025,high,historic_forestry_tradeable,7294447.065,
2026,high,historic_forestry_held,4787198.954,
2026,high,historic_forestry_surrender,-5176552.795,
2026,high,historic_forestry_tradeable,7198601.548,
2027,high,historic_forestry_held,4621680.929,
2027,high,historic_forestry_surrender,-3925669.636,
2027,high,historic_forestry_tradeable,6667786.386,
2028,high,historic_forestry_held,4484090.124,
2028,high,historic_forestry_surrender,-4643606.143,
2028,high,historic_forestry_tradeable,5963518.989,
2029,high,historic_forestry_held,4393280.587,
2029,high,historic_forestry_surrender,-4542737.913,
2029,high,historic_forestry_tradeable,5472165.228,
2030,high,historic_forestry_held,4574073.933,
2030,high,historic_forestry_surrender,-3151860.841,
2030,high,historic_forestry_tradeable,5296579.734,
2031,high,historic_forestry_held,4876624.636,
2031,high,historic_forestry_surrender,-2236810.564,
2031,high,historic_forestry_tradeable,5222707.082,
2032,high,historic_forestry_held,5394443.107,
2032,high,historic_forestry_surrender,-1541402.171,
2032,high,historic_forestry_tradeable,5285122.115,
2033,high,historic_forestry_held,5990583.118,
2033,high,historic_forestry_surrender,-642954.1571,
2033,high,historic_forestry_tradeable,4963516.412,
2034,high,historic_forestry_held,6721669.941,
2034,high,historic_forestry_surrender,-827249.4469,
2034,high,historic_forestry_tradeable,4490855.248,
2035,high,historic_forestry_held,7165735.451,
2035,high,historic_forestry_surrender,-715543.8815,
2035,high,historic_forestry_tradeable,3501022.495,
2036,high,historic_forestry_held,7514491.115,
2036,high,historic_forestry_surrender,-1189210.699,
2036,high,historic_forestry_tradeable,2290285.856,
2037,high,historic_forestry_held,7765004.641,
2037,high,historic_forestry_surrender,-1279086.154,
2037,high,historic_forestry_tradeable,1203654.702,
2038,high,historic_forestry_held,7995113.819,
2038,high,historic_forestry_surrender,-1859461.459,
2038,high,historic_forestry_tradeable,2042015.443,
2039,high,historic_forestry_held,8019644.944,
2039,high,historic_forestry_surrender,-4823645.725,
2039,high,historic_forestry_tradeable,2063350.833,
2040,high,historic_forestry_held,7847454.01,
2040,high,historic_forestry_surrender,-6474593.304,
2040,high,historic_forestry_tradeable,1975267.92,
2041,high,historic_forestry_held,7820952.391,
2041,high,historic_forestry_surrender,-3797030.649,
2041,high,historic_forestry_tradeable,2303011.366,
2042,high,historic_forestry_held,7726148.735,
2042,high,historic_forestry_surrender,-4452473.841,
2042,high,historic_forestry_tradeable,2141974.108,
2043,high,historic_forestry_held,7613279.79,
2043,high,historic_forestry_surrender,-3538045.657,
2043,high,historic_forestry_tradeable,1953759.245,
2044,high,historic_forestry_held,7578152.994,
2044,high,historic_forestry_surrender,-2306304.213,
2044,high,historic_forestry_tradeable,1779804.278,
2045,high,historic_forestry_held,7538886.695,
2045,high,historic_forestry_surrender,-1945137.742,
2045,high,historic_forestry_tradeable,1579732.073,
2046,high,historic_forestry_held,7520427.612,
2046,high,historic_forestry_surrender,-2479162.707,
2046,high,historic_forestry_tradeable,1808128.51,
2047,high,historic_forestry_held,7247345.756,
2047,high,historic_forestry_surrender,-4365975.114,
2047,high,historic_forestry_tradeable,1723671.146,
2048,high,historic_forestry_held,6941399.035,
2048,high,historic_forestry_surrender,-4666806.552,
2048,high,historic_forestry_tradeable,1624860.989,
2049,high,historic_forestry_held,6528191.987,
2049,high,historic_forestry_surrender,-5860087.032,
2049,high,historic_forestry_tradeable,1521682.661,
2050,high,historic_forestry_held,6238104.657,
2050,high,historic_forestry_surrender,-6148950.067,
2050,high,historic_forestry_tradeable,1450131.323,
2018,high2025,historic_forestry_held,8422068.367,
2018,high2025,historic_forestry_surrender,-679194.1329,
2018,high2025,historic_forestry_tradeable,3536210.911,
2019,high2025,historic_forestry_held,2864991.666,
2019,high2025,historic_forestry_surrender,5729983.332,
2019,high2025,historic_forestry_tradeable,8594974.998,
2020,high2025,historic_forestry_held,7996301.539,
2020,high2025,historic_forestry_surrender,-2324873.667,
2020,high2025,historic_forestry_tradeable,3546167.808,
2021,high2025,historic_forestry_held,7558556.686,
2021,high2025,historic_forestry_surrender,-3552643.936,
2021,high2025,historic_forestry_tradeable,3542064.355,
2022,high2025,historic_forestry_held,6899195.0,
2022,high2025,historic_forestry_surrender,-7103154.433,
2022,high2025,historic_forestry_tradeable,3553418.27,
2023,high2025,historic_forestry_held,6252205.507,
2023,high2025,historic_forestry_surrender,-8650862.923,
2023,high2025,historic_forestry_tradeable,3586254.843,
2024,high2025,historic_forestry_held,5531766.806,
2024,high2025,historic_forestry_surrender,-11377046.09,
2024,high2025,historic_forestry_tradeable,3626585.327,
2025,high2025,historic_forestry_held,5196455.012,
2025,high2025,historic_forestry_surrender,-7349947.96,
2025,high2025,historic_forestry_tradeable,3644063.09,
2026,high2025,historic_forestry_held,4969068.225,
2026,high2025,historic_forestry_surrender,-5737792.983,
2026,high2025,historic_forestry_tradeable,3640682.788,
2027,high2025,historic_forestry_held,4806528.813,
2027,high2025,historic_forestry_surrender,-4397132.541,
2027,high2025,historic_forestry_tradeable,3604208.292,
2028,high2025,historic_forestry_held,4676041.521,
2028,high2025,historic_forestry_surrender,-5193620.156,
2028,high2025,historic_forestry_tradeable,3552235.52,
2029,high2025,historic_forestry_held,4585064.038,
2029,high2025,historic_forestry_surrender,-5158108.92,
2029,high2025,historic_forestry_tradeable,3480462.364,
2030,high2025,historic_forestry_held,4766282.985,
2030,high2025,historic_forestry_surrender,-3623997.938,
2030,high2025,historic_forestry_tradeable,3417650.02,
2031,high2025,historic_forestry_held,5067376.984,
2031,high2025,historic_forestry_surrender,-2548500.801,
2031,high2025,historic_forestry_tradeable,3362868.56,
2032,high2025,historic_forestry_held,5573207.197,
2032,high2025,historic_forestry_surrender,-1769922.829,
2032,high2025,historic_forestry_tradeable,3314664.887,
2033,high2025,historic_forestry_held,6153758.349,
2033,high2025,historic_forestry_surrender,-699631.5717,
2033,high2025,historic_forestry_tradeable,3267237.228,
2034,high2025,historic_forestry_held,6879302.381,
2034,high2025,historic_forestry_surrender,-937479.2987,
2034,high2025,historic_forestry_tradeable,3217807.942,
2035,high2025,historic_forestry_held,7313470.755,
2035,high2025,historic_forestry_surrender,-773631.3011,
2035,high2025,historic_forestry_tradeable,3172241.096,
2036,high2025,historic_forestry_held,7655446.364,
2036,high2025,historic_forestry_surrender,-1399721.004,
2036,high2025,historic_forestry_tradeable,3112897.626,
2037,high2025,historic_forestry_held,7903385.713,
2037,high2025,historic_forestry_surrender,-1425576.61,
2037,high2025,historic_forestry_tradeable,3055888.563,
2038,high2025,historic_forestry_held,8104152.295,
2038,high2025,historic_forestry_surrender,-2418059.322,
2038,high2025,historic_forestry_tradeable,2997557.587,
2039,high2025,historic_forestry_held,8082519.679,
2039,high2025,historic_forestry_surrender,-6037024.189,
2039,high2025,historic_forestry_tradeable,2937884.935,
2040,high2025,historic_forestry_held,7834615.976,
2040,high2025,historic_forestry_surrender,-8441639.284,
2040,high2025,historic_forestry_tradeable,2881785.426,
2041,high2025,historic_forestry_held,7787428.58,
2041,high2025,historic_forestry_surrender,-4535464.874,
2041,high2025,historic_forestry_tradeable,2822021.134,
2042,high2025,historic_forestry_held,7708483.363,
2042,high2025,historic_forestry_surrender,-4665345.544,
2042,high2025,historic_forestry_tradeable,2772167.203,
2043,high2025,historic_forestry_held,7610441.861,
2043,high2025,historic_forestry_surrender,-3681032.013,
2043,high2025,historic_forestry_tradeable,2719575.987,
2044,high2025,historic_forestry_held,7571540.847,
2044,high2025,historic_forestry_surrender,-2572197.522,
2044,high2025,historic_forestry_tradeable,2671284.745,
2045,high2025,historic_forestry_held,7556013.116,
2045,high2025,historic_forestry_surrender,-2034744.004,
2045,high2025,historic_forestry_tradeable,2628455.826,
2046,high2025,historic_forestry_held,7561097.619,
2046,high2025,historic_forestry_surrender,-2678478.758,
2046,high2025,historic_forestry_tradeable,2590815.816,
2047,high2025,historic_forestry_held,7286959.904,
2047,high2025,historic_forestry_surrender,-4970989.742,
2047,high2025,historic_forestry_tradeable,2560303.135,
2048,high2025,historic_forestry_held,6999026.678,
2048,high2025,historic_forestry_surrender,-5141450.87,
2048,high2025,historic_forestry_tradeable,2531386.111,
2049,high2025,historic_forestry_held,6603474.198,
2049,high2025,historic_forestry_surrender,-6468389.389,
2049,high2025,historic_forestry_tradeable,2507324.364,
2050,high2025,historic_forestry_held,6355742.36,
2050,high2025,historic_forestry_surrender,-6939546.455,
2050,high2025,historic_forestry_tradeable,2484192.188,
2018,low,historic_forestry_held,9589526.978,
2018,low,historic_forestry_surrender,-794380.0808,
2018,low,historic_forestry_tradeable,2500140.68,
2019,low,historic_forestry_held,9462150.5,
2019,low,historic_forestry_surrender,-1318958.746,
2019,low,historic_forestry_tradeable,2531802.768,
2020,low,historic_forestry_held,9104130.209,
2020,low,historic_forestry_surrender,-2730886.907,
2020,low,historic_forestry_tradeable,2582973.165,
2021,low,historic_forestry_held,8592212.792,
2021,low,historic_forestry_surrender,-4102684.339,
2021,low,historic_forestry_tradeable,2729394.479,
2022,low,historic_forestry_held,7794288.113,
2022,low,historic_forestry_surrender,-8094876.794,
2022,low,historic_forestry_tradeable,3051895.339,
2023,low,historic_forestry_held,6977632.433,
2023,low,historic_forestry_surrender,-9959133.591,
2023,low,historic_forestry_tradeable,4752093.303,
2024,low,historic_forestry_held,6077149.874,
2024,low,historic_forestry_surrender,-12485584.54,
2024,low,historic_forestry_tradeable,5585730.436,
2025,low,historic_forestry_held,5625818.723,
2025,low,historic_forestry_surrender,-8119636.553,
2025,low,historic_forestry_tradeable,5928841.421,
2026,low,historic_forestry_held,5329383.833,
2026,low,historic_forestry_surrender,-6334352.98,
2026,low,historic_forestry_tradeable,5887047.036,
2027,low,historic_forestry_held,5125266.63,
2027,low,historic_forestry_surrender,-4788589.352,
2027,low,historic_forestry_tradeable,5444619.124,
2028,low,historic_forestry_held,4965798.677,
2028,low,historic_forestry_surrender,-5663405.776,
2028,low,historic_forestry_tradeable,5067196.317,
2029,low,historic_forestry_held,4870526.102,
2029,low,historic_forestry_surrender,-5516890.89,
2029,low,historic_forestry_tradeable,4902445.342,
2030,low,historic_forestry_held,5095180.838,
2030,low,historic_forestry_surrender,-3841071.794,
2030,low,historic_forestry_tradeable,5015533.077,
2031,low,historic_forestry_held,5459754.926,
2031,low,historic_forestry_surrender,-2745434.541,
2031,low,historic_forestry_tradeable,5105113.116,
2032,low,historic_forestry_held,6076231.846,
2032,low,historic_forestry_surrender,-1897286.764,
2032,low,historic_forestry_tradeable,5159995.241,
2033,low,historic_forestry_held,6784916.631,
2033,low,historic_forestry_surrender,-798766.7816,
2033,low,historic_forestry_tradeable,4746709.757,
2034,low,historic_forestry_held,7655228.151,
2034,low,historic_forestry_surrender,-1025577.479,
2034,low,historic_forestry_tradeable,4232935.969,
2035,low,historic_forestry_held,8184152.499,
2035,low,historic_forestry_surrender,-887837.2957,
2035,low,historic_forestry_tradeable,3190164.392,
2036,low,historic_forestry_held,8612123.939,
2036,low,historic_forestry_surrender,-1330963.356,
2036,low,historic_forestry_tradeable,2040561.599,
2037,low,historic_forestry_held,8925372.429,
2037,low,historic_forestry_surrender,-1377033.059,
2037,low,historic_forestry_tradeable,1008110.895,
2038,low,historic_forestry_held,9219163.475,
2038,low,historic_forestry_surrender,-2028148.346,
2038,low,historic_forestry_tradeable,1899354.464,
2039,low,historic_forestry_held,9293410.493,
2039,low,historic_forestry_surrender,-5206093.244,
2039,low,historic_forestry_tradeable,1980314.958,
2040,low,historic_forestry_held,9149556.913,
2040,low,historic_forestry_surrender,-6953745.455,
2040,low,historic_forestry_tradeable,1982583.472,
2041,low,historic_forestry_held,9135563.28,
2041,low,historic_forestry_surrender,-4350071.879,
2041,low,historic_forestry_tradeable,1321622.201,
2042,low,historic_forestry_held,9038826.303,
2042,low,historic_forestry_surrender,-5121576.994,
2042,low,historic_forestry_tradeable,1202933.176,
2043,low,historic_forestry_held,8917362.518,
2043,low,historic_forestry_surrender,-4043471.665,
2043,low,historic_forestry_tradeable,1065427.175,
2044,low,historic_forestry_held,8880452.492,
2044,low,historic_forestry_surrender,-2682460.955,
2044,low,historic_forestry_tradeable,929107.3914,
2045,low,historic_forestry_held,8841255.061,
2045,low,historic_forestry_surrender,-2175345.037,
2045,low,historic_forestry_tradeable,767236.6589,
2046,low,historic_forestry_held,8814562.073,
2046,low,historic_forestry_surrender,-2785042.86,
2046,low,historic_forestry_tradeable,962965.149,
2047,low,historic_forestry_held,8510568.281,
2047,low,historic_forestry_surrender,-4727184.27,
2047,low,historic_forestry_tradeable,902548.8204,
2048,low,historic_forestry_held,8165985.819,
2048,low,historic_forestry_surrender,-5194216.79,
2048,low,historic_forestry_tradeable,827295.8549,
2049,low,historic_forestry_held,7686322.259,
2049,low,historic_forestry_surrender,-6466791.619,
2049,low,historic_forestry_tradeable,744145.3426,
2050,low,historic_forestry_held,7306207.885,
2050,low,historic_forestry_surrender,-7263024.7,
2050,low,historic_forestry_tradeable,687381.8993,
2018,low2025,historic_forestry_held,9320422.326,
2018,low2025,historic_forestry_surrender,-746747.9604,
2018,low2025,historic_forestry_tradeable,2624051.353,
2019,low2025,historic_forestry_held,2864991.666,
2019,low2025,historic_forestry_surrender,5729983.332,
2019,low2025,historic_forestry_tradeable,8594974.998,
2020,low2025,historic_forestry_held,8849240.37,
2020,low2025,historic_forestry_surrender,-2570617.845,
2020,low2025,historic_forestry_tradeable,2629640.761,
2021,low2025,historic_forestry_held,8364802.732,
2021,low2025,historic_forestry_surrender,-3924669.743,
2021,low2025,historic_forestry_tradeable,2625206.81,
2022,low2025,historic_forestry_held,7635109.133,
2022,low2025,historic_forestry_surrender,-7855892.506,
2022,low2025,historic_forestry_tradeable,2630175.826,
2023,low2025,historic_forestry_held,6919124.237,
2023,low2025,historic_forestry_surrender,-9571753.635,
2023,low2025,historic_forestry_tradeable,2649758.009,
2024,low2025,historic_forestry_held,6121986.841,
2024,low2025,historic_forestry_surrender,-12588729.67,
2024,low2025,historic_forestry_tradeable,2674019.179,
2025,low2025,historic_forestry_held,5751219.096,
2025,low2025,historic_forestry_surrender,-8132074.409,
2025,low2025,historic_forestry_tradeable,2680318.303,
2026,low2025,historic_forestry_held,5500141.6,
2026,low2025,historic_forestry_surrender,-6347956.235,
2026,low2025,historic_forestry_tradeable,2673906.406,
2027,low2025,historic_forestry_held,5321158.925,
2027,low2025,historic_forestry_surrender,-4864292.012,
2027,low2025,historic_forestry_tradeable,2643334.787,
2028,low2025,historic_forestry_held,5177880.434,
2028,low2025,historic_forestry_surrender,-5745738.306,
2028,low2025,historic_forestry_tradeable,2603884.347,
2029,low2025,historic_forestry_held,5078469.245,
2029,low2025,historic_forestry_surrender,-5706439.205,
2029,low2025,historic_forestry_tradeable,2548452.474,
2030,low2025,historic_forestry_held,5280275.988,
2030,low2025,historic_forestry_surrender,-4008689.718,
2030,low2025,historic_forestry_tradeable,2499797.025,
2031,low2025,historic_forestry_held,5614059.332,
2031,low2025,historic_forestry_surrender,-2818472.887,
2031,low2025,historic_forestry_tradeable,2456854.997,
2032,low2025,historic_forestry_held,6174191.733,
2032,low2025,historic_forestry_surrender,-1956846.598,
2032,low2025,historic_forestry_tradeable,2417516.887,
2033,low2025,historic_forestry_held,6816807.275,
2033,low2025,historic_forestry_surrender,-772390.9394,
2033,low2025,historic_forestry_tradeable,2378620.673,
2034,low2025,historic_forestry_held,7620062.007,
2034,low2025,historic_forestry_surrender,-1035609.091,
2034,low2025,historic_forestry_tradeable,2337217.055,
2035,low2025,historic_forestry_held,8101022.041,
2035,low2025,historic_forestry_surrender,-854283.9732,
2035,low2025,historic_forestry_tradeable,2301256.181,
2036,low2025,historic_forestry_held,8479877.196,
2036,low2025,historic_forestry_surrender,-1547156.577,
2036,low2025,historic_forestry_tradeable,2253009.523,
2037,low2025,historic_forestry_held,8754558.874,
2037,low2025,historic_forestry_surrender,-1575770.115,
2037,low2025,historic_forestry_tradeable,2207783.736,
2038,low2025,historic_forestry_held,8976900.034,
2038,low2025,historic_forestry_surrender,-2674117.65,
2038,low2025,historic_forestry_tradeable,2162408.933,
2039,low2025,historic_forestry_held,8953027.303,
2039,low2025,historic_forestry_surrender,-6679105.435,
2039,low2025,historic_forestry_tradeable,2115902.886,
2040,low2025,historic_forestry_held,8678758.427,
2040,low2025,historic_forestry_surrender,-9340212.807,
2040,low2025,historic_forestry_tradeable,2073041.239,
2041,low2025,historic_forestry_held,8626635.746,
2041,low2025,historic_forestry_surrender,-5017379.794,
2041,low2025,historic_forestry_tradeable,2026241.349,
2042,low2025,historic_forestry_held,8539396.663,
2042,low2025,historic_forestry_surrender,-5161114.403,
2042,low2025,historic_forestry_tradeable,1989134.747,
2043,low2025,historic_forestry_held,8431007.451,
2043,low2025,historic_forestry_surrender,-4071807.428,
2043,low2025,historic_forestry_tradeable,1948872.642,
2044,low2025,historic_forestry_held,8388082.336,
2044,low2025,historic_forestry_surrender,-2844697.258,
2044,low2025,historic_forestry_tradeable,1912017.954,
2045,low2025,historic_forestry_held,8371280.867,
2045,low2025,historic_forestry_surrender,-2249915.364,
2045,low2025,historic_forestry_tradeable,1880196.439,
2046,low2025,historic_forestry_held,8377603.666,
2046,low2025,historic_forestry_surrender,-2962315.158,
2046,low2025,historic_forestry_tradeable,1850858.439,
2047,low2025,historic_forestry_held,8074376.4,
2047,low2025,historic_forestry_surrender,-5499360.648,
2047,low2025,historic_forestry_tradeable,1828099.91,
2048,low2025,historic_forestry_held,7755595.842,
2048,low2025,historic_forestry_surrender,-5688004.296,
2048,low2025,historic_forestry_tradeable,1805557.458,
2049,low2025,historic_forestry_held,7317390.831,
2049,low2025,historic_forestry_surrender,-7156482.923,
2049,low2025,historic_forestry_tradeable,1787463.259,
2050,low2025,historic_forestry_held,7042456.923,
2050,low2025,historic_forestry_tradeable,1769598.072,
2050,low2026,historic_forestry_surrender,-7677896.744,
