Config,Year,Sector,Amount,Notes
central,2024,Aluminium,0.0,NZAS contract adjustment - additional allocation beyond phase-down schedule
central,2025,Aluminium,289.0988372093024,NZAS contract adjustment - additional allocation beyond phase-down schedule
central,2026,Aluminium,285.69767441860466,NZAS contract adjustment - additional allocation beyond phase-down schedule
central,2027,Aluminium,282.29651162790697,NZAS contract adjustment - additional allocation beyond phase-down schedule
central,2028,Aluminium,278.8953488372093,NZAS contract adjustment - additional allocation beyond phase-down schedule
central,2029,Aluminium,275.49418604651163,NZAS contract adjustment - additional allocation beyond phase-down schedule
central,2030,Aluminium,272.09302325581393,NZAS contract adjustment - additional allocation beyond phase-down schedule
central,2031,Aluminium,265.2906976744186,NZAS contract adjustment - additional allocation beyond phase-down schedule
central,2032,Aluminium,258.48837209302326,NZAS contract adjustment - additional allocation beyond phase-down schedule
central,2033,Aluminium,251.6860465116279,NZAS contract adjustment - additional allocation beyond phase-down schedule
central,2034,Aluminium,244.88372093023253,NZAS contract adjustment - additional allocation beyond phase-down schedule
central,2035,Aluminium,238.0813953488372,NZAS contract adjustment - additional allocation beyond phase-down schedule
central,2036,Aluminium,231.27906976744185,NZAS contract adjustment - additional allocation beyond phase-down schedule
central,2037,Aluminium,224.4767441860465,NZAS contract adjustment - additional allocation beyond phase-down schedule
central,2038,Aluminium,217.67441860465112,NZAS contract adjustment - additional allocation beyond phase-down schedule
central,2039,Aluminium,210.87209302325576,NZAS contract adjustment - additional allocation beyond phase-down schedule
central,2040,Aluminium,204.0697674418604,NZAS contract adjustment - additional allocation beyond phase-down schedule
central,2041,Aluminium,193.86627906976736,NZAS contract adjustment - additional allocation beyond phase-down schedule
central,2042,Aluminium,183.66279069767432,NZAS contract adjustment - additional allocation beyond phase-down schedule
central,2043,Aluminium,173.4593023255813,NZAS contract adjustment - additional allocation beyond phase-down schedule
central,2044,Aluminium,163.25581395348826,NZAS contract adjustment - additional allocation beyond phase-down schedule
central,2045,Aluminium,153.05232558139522,NZAS contract adjustment - additional allocation beyond phase-down schedule
central,2046,Aluminium,142.8488372093022,NZAS contract adjustment - additional allocation beyond phase-down schedule
central,2047,Aluminium,132.64534883720916,NZAS contract adjustment - additional allocation beyond phase-down schedule
central,2048,Aluminium,122.44186046511614,NZAS contract adjustment - additional allocation beyond phase-down schedule
central,2049,Aluminium,112.2383720930231,NZAS contract adjustment - additional allocation beyond phase-down schedule
central,2050,Aluminium,102.03488372093008,NZAS contract adjustment - additional allocation beyond phase-down schedule
central,2024,Cement and lime,0.0,
central,2025,Cement and lime,0.0,
central,2026,Cement and lime,0.0,
central,2027,Cement and lime,0.0,
central,2028,Cement and lime,0.0,
central,2029,Cement and lime,0.0,
central,2030,Cement and lime,0.0,
central,2031,Cement and lime,0.0,
central,2032,Cement and lime,0.0,
central,2033,Cement and lime,0.0,
central,2034,Cement and lime,0.0,
central,2035,Cement and lime,0.0,
central,2036,Cement and lime,0.0,
central,2037,Cement and lime,0.0,
central,2038,Cement and lime,0.0,
central,2039,Cement and lime,0.0,
central,2040,Cement and lime,0.0,
central,2041,Cement and lime,0.0,
central,2042,Cement and lime,0.0,
central,2043,Cement and lime,0.0,
central,2044,Cement and lime,0.0,
central,2045,Cement and lime,0.0,
central,2046,Cement and lime,0.0,
central,2047,Cement and lime,0.0,
central,2048,Cement and lime,0.0,
central,2049,Cement and lime,0.0,
central,2050,Cement and lime,0.0,
central,2024,Iron and steel,0.0,
central,2025,Iron and steel,0.0,
central,2026,Iron and steel,0.0,
central,2027,Iron and steel,0.0,
central,2028,Iron and steel,0.0,
central,2029,Iron and steel,0.0,
central,2030,Iron and steel,0.0,
central,2031,Iron and steel,0.0,
central,2032,Iron and steel,0.0,
central,2033,Iron and steel,0.0,
central,2034,Iron and steel,0.0,
central,2035,Iron and steel,0.0,
central,2036,Iron and steel,0.0,
central,2037,Iron and steel,0.0,
central,2038,Iron and steel,0.0,
central,2039,Iron and steel,0.0,
central,2040,Iron and steel,0.0,
central,2041,Iron and steel,0.0,
central,2042,Iron and steel,0.0,
central,2043,Iron and steel,0.0,
central,2044,Iron and steel,0.0,
central,2045,Iron and steel,0.0,
central,2046,Iron and steel,0.0,
central,2047,Iron and steel,0.0,
central,2048,Iron and steel,0.0,
central,2049,Iron and steel,0.0,
central,2050,Iron and steel,0.0,
central,2024,Methanol,0.0,
central,2025,Methanol,0.0,
central,2026,Methanol,0.0,
central,2027,Methanol,0.0,
central,2028,Methanol,0.0,
central,2029,Methanol,0.0,
central,2030,Methanol,0.0,
central,2031,Methanol,0.0,
central,2032,Methanol,0.0,
central,2033,Methanol,0.0,
central,2034,Methanol,0.0,
central,2035,Methanol,0.0,
central,2036,Methanol,0.0,
central,2037,Methanol,0.0,
central,2038,Methanol,0.0,
central,2039,Methanol,0.0,
central,2040,Methanol,0.0,
central,2041,Methanol,0.0,
central,2042,Methanol,0.0,
central,2043,Methanol,0.0,
central,2044,Methanol,0.0,
central,2045,Methanol,0.0,
central,2046,Methanol,0.0,
central,2047,Methanol,0.0,
central,2048,Methanol,0.0,
central,2049,Methanol,0.0,
central,2050,Methanol,0.0,
central,2024,Other-High,0.0,
central,2025,Other-High,0.0,
central,2026,Other-High,0.0,
central,2027,Other-High,0.0,
central,2028,Other-High,0.0,
central,2029,Other-High,0.0,
central,2030,Other-High,0.0,
central,2031,Other-High,0.0,
central,2032,Other-High,0.0,
central,2033,Other-High,0.0,
central,2034,Other-High,0.0,
central,2035,Other-High,0.0,
central,2036,Other-High,0.0,
central,2037,Other-High,0.0,
central,2038,Other-High,0.0,
central,2039,Other-High,0.0,
central,2040,Other-High,0.0,
central,2041,Other-High,0.0,
central,2042,Other-High,0.0,
central,2043,Other-High,0.0,
central,2044,Other-High,0.0,
central,2045,Other-High,0.0,
central,2046,Other-High,0.0,
central,2047,Other-High,0.0,
central,2048,Other-High,0.0,
central,2049,Other-High,0.0,
central,2050,Other-High,0.0,
central,2024,Pulp and paper products,0.0,
central,2025,Pulp and paper products,0.0,
central,2026,Pulp and paper products,0.0,
central,2027,Pulp and paper products,0.0,
central,2028,Pulp and paper products,0.0,
central,2029,Pulp and paper products,0.0,
central,2030,Pulp and paper products,0.0,
central,2031,Pulp and paper products,0.0,
central,2032,Pulp and paper products,0.0,
central,2033,Pulp and paper products,0.0,
central,2034,Pulp and paper products,0.0,
central,2035,Pulp and paper products,0.0,
central,2036,Pulp and paper products,0.0,
central,2037,Pulp and paper products,0.0,
central,2038,Pulp and paper products,0.0,
central,2039,Pulp and paper products,0.0,
central,2040,Pulp and paper products,0.0,
central,2041,Pulp and paper products,0.0,
central,2042,Pulp and paper products,0.0,
central,2043,Pulp and paper products,0.0,
central,2044,Pulp and paper products,0.0,
central,2045,Pulp and paper products,0.0,
central,2046,Pulp and paper products,0.0,
central,2047,Pulp and paper products,0.0,
central,2048,Pulp and paper products,0.0,
central,2049,Pulp and paper products,0.0,
central,2050,Pulp and paper products,0.0,
central,2024,Urea,0.0,
central,2025,Urea,0.0,
central,2026,Urea,0.0,
central,2027,Urea,0.0,
central,2028,Urea,0.0,
central,2029,Urea,0.0,
central,2030,Urea,0.0,
central,2031,Urea,0.0,
central,2032,Urea,0.0,
central,2033,Urea,0.0,
central,2034,Urea,0.0,
central,2035,Urea,0.0,
central,2036,Urea,0.0,
central,2037,Urea,0.0,
central,2038,Urea,0.0,
central,2039,Urea,0.0,
central,2040,Urea,0.0,
central,2041,Urea,0.0,
central,2042,Urea,0.0,
central,2043,Urea,0.0,
central,2044,Urea,0.0,
central,2045,Urea,0.0,
central,2046,Urea,0.0,
central,2047,Urea,0.0,
central,2048,Urea,0.0,
central,2049,Urea,0.0,
central,2050,Urea,0.0,
central,2024,Dairy products,0.0,
central,2025,Dairy products,0.0,
central,2026,Dairy products,0.0,
central,2027,Dairy products,0.0,
central,2028,Dairy products,0.0,
central,2029,Dairy products,0.0,
central,2030,Dairy products,0.0,
central,2031,Dairy products,0.0,
central,2032,Dairy products,0.0,
central,2033,Dairy products,0.0,
central,2034,Dairy products,0.0,
central,2035,Dairy products,0.0,
central,2036,Dairy products,0.0,
central,2037,Dairy products,0.0,
central,2038,Dairy products,0.0,
central,2039,Dairy products,0.0,
central,2040,Dairy products,0.0,
central,2041,Dairy products,0.0,
central,2042,Dairy products,0.0,
central,2043,Dairy products,0.0,
central,2044,Dairy products,0.0,
central,2045,Dairy products,0.0,
central,2046,Dairy products,0.0,
central,2047,Dairy products,0.0,
central,2048,Dairy products,0.0,
central,2049,Dairy products,0.0,
central,2050,Dairy products,0.0,
central,2024,Horticulture,0.0,
central,2025,Horticulture,0.0,
central,2026,Horticulture,0.0,
central,2027,Horticulture,0.0,
central,2028,Horticulture,0.0,
central,2029,Horticulture,0.0,
central,2030,Horticulture,0.0,
central,2031,Horticulture,0.0,
central,2032,Horticulture,0.0,
central,2033,Horticulture,0.0,
central,2034,Horticulture,0.0,
central,2035,Horticulture,0.0,
central,2036,Horticulture,0.0,
central,2037,Horticulture,0.0,
central,2038,Horticulture,0.0,
central,2039,Horticulture,0.0,
central,2040,Horticulture,0.0,
central,2041,Horticulture,0.0,
central,2042,Horticulture,0.0,
central,2043,Horticulture,0.0,
central,2044,Horticulture,0.0,
central,2045,Horticulture,0.0,
central,2046,Horticulture,0.0,
central,2047,Horticulture,0.0,
central,2048,Horticulture,0.0,
central,2049,Horticulture,0.0,
central,2050,Horticulture,0.0,
central,2024,Meat products,0.0,
central,2025,Meat products,0.0,
central,2026,Meat products,0.0,
central,2027,Meat products,0.0,
central,2028,Meat products,0.0,
central,2029,Meat products,0.0,
central,2030,Meat products,0.0,
central,2031,Meat products,0.0,
central,2032,Meat products,0.0,
central,2033,Meat products,0.0,
central,2034,Meat products,0.0,
central,2035,Meat products,0.0,
central,2036,Meat products,0.0,
central,2037,Meat products,0.0,
central,2038,Meat products,0.0,
central,2039,Meat products,0.0,
central,2040,Meat products,0.0,
central,2041,Meat products,0.0,
central,2042,Meat products,0.0,
central,2043,Meat products,0.0,
central,2044,Meat products,0.0,
central,2045,Meat products,0.0,
central,2046,Meat products,0.0,
central,2047,Meat products,0.0,
central,2048,Meat products,0.0,
central,2049,Meat products,0.0,
central,2050,Meat products,0.0,
central,2024,Other-Moderate,0.0,
central,2025,Other-Moderate,0.0,
central,2026,Other-Moderate,0.0,
central,2027,Other-Moderate,0.0,
central,2028,Other-Moderate,0.0,
central,2029,Other-Moderate,0.0,
central,2030,Other-Moderate,0.0,
central,2031,Other-Moderate,0.0,
central,2032,Other-Moderate,0.0,
central,2033,Other-Moderate,0.0,
central,2034,Other-Moderate,0.0,
central,2035,Other-Moderate,0.0,
central,2036,Other-Moderate,0.0,
central,2037,Other-Moderate,0.0,
central,2038,Other-Moderate,0.0,
central,2039,Other-Moderate,0.0,
central,2040,Other-Moderate,0.0,
central,2041,Other-Moderate,0.0,
central,2042,Other-Moderate,0.0,
central,2043,Other-Moderate,0.0,
central,2044,Other-Moderate,0.0,
central,2045,Other-Moderate,0.0,
central,2046,Other-Moderate,0.0,
central,2047,Other-Moderate,0.0,
central,2048,Other-Moderate,0.0,
central,2049,Other-Moderate,0.0,
central,2050,Other-Moderate,0.0,
